id_study,Country,iso,mid_year,survey_type,urban_rural
AFG_2018_STEPS,Afghanistan,AFG,2018,National,both
AGO_2014_BENGO,Angola,AGO,2014,Community,both
ARE_2000_ENDCAD,United Arab Emirates,ARE,2000,National,both
ARE_2018_STEPS,United Arab Emirates,ARE,2018,National,both
ARG_2005_CARMELA,Argentina,ARG,2005,Community,urban
ARG_2012_CESCAS,Argentina,ARG,2012,Community,urban
ARG_2018_ENFR,Argentina,ARG,2018,National,both
ARM_2016_STEPS,Armenia,ARM,2016,National,both
ASM_1994_citMcGARVEY,American Samoa,ASM,1994,National,both
ASM_2004_STEPS,American Samoa,ASM,2004,National,both
AUS_1981_6036002,Australia,AUS,1981,Community,urban
AUS_1981_6036007,Australia,AUS,1981,Community,both
AUS_1983_RFPS,Australia,AUS,1983,National,urban
AUS_1989_DSAE,Australia,AUS,1989,Community,urban
AUS_2000_AusDiab,Australia,AUS,2000,National,both
AUS_2001_NWAHS,Australia,AUS,2001,Community,urban
AUS_2005_AusDiab,Australia,AUS,2005,National,both
AUS_2012_AusDiab,Australia,AUS,2012,National,both
AUS_2012_NHMS,Australia,AUS,2012,National,both
AUT_1985_10040015,Austria,AUT,1985,Subnational,both
AUT_1991_CINDI,Austria,AUT,1991,Subnational,both
AUT_1992_VHMPP,Austria,AUT,1992,Subnational,both
AUT_1998_VHMPP,Austria,AUT,1998,Subnational,both
AUT_1999_CINDI,Austria,AUT,1999,Subnational,both
AUT_2004_VHMPP,Austria,AUT,2004,Subnational,both
AUT_2011_ASNS,Austria,AUT,2011,National,both
AZE_2017_STEPS,Azerbaijan,AZE,2017,National,both
BEL_1992_FLEMENGHO,Belgium,BEL,1992,Community,rural
BEL_2003_EMAS,Belgium,BEL,2003,Community,both
BEL_2007_FLEMENGHO,Belgium,BEL,2007,Community,rural
BEL_2007_FLEMENGHO2,Belgium,BEL,2007,Community,rural
BEL_2008_EMAS,Belgium,BEL,2008,Community,both
BEL_2011_FLEMENGHO,Belgium,BEL,2011,Community,rural
BEL_2013_FLEMENGHO,Belgium,BEL,2013,Community,rural
BEL_2018_EHES,Belgium,BEL,2018,National,both
BEN_2007_STEPS,Benin,BEN,2007,Community,urban
BEN_2008_STEPS,Benin,BEN,2008,National,both
BEN_2015_STEPS,Benin,BEN,2015,National,both
BFA_2013_STEPS,Burkina Faso,BFA,2013,National,both
BFA_2021_STEPS,Burkina Faso,BFA,2021,National,both
BGD_2002_4050085,Bangladesh,BGD,2002,Community,rural
BGD_2002_4050086,Bangladesh,BGD,2002,Community,urban
BGD_2006_UHS,Bangladesh,BGD,2006,Subnational,urban
BGD_2011_DHS,Bangladesh,BGD,2011,National,both
BGD_2012_CDRF,Bangladesh,BGD,2012,Community,rural
BGD_2016_DMagic,Bangladesh,BGD,2016,Subnational,rural
BGD_2018_DHS,Bangladesh,BGD,2018,National,both
BGD_2018_STEPS,Bangladesh,BGD,2018,National,both
BHR_2007_STEPS,Bahrain,BHR,2007,National,both
BHS_2019_STEPS,Bahamas,BHS,2019,National,both
BIH_2012_NCDRFS_rural,Bosnia and Herzegovina,BIH,2012,Subnational,rural
BIH_2012_NCDRFS_urban,Bosnia and Herzegovina,BIH,2012,Subnational,urban
BLR_2017_STEPS,Belarus,BLR,2017,National,both
BLR_2020_STEPS,Belarus,BLR,2020,National,both
BLZ_2006_CAMDI,Belize,BLZ,2006,National,both
BOL_2006_citBayaBotti,Bolivia,BOL,2006,National,both
BRA_1991_14076013,Brazil,BRA,1991,Community,urban
BRA_1992_14076010,Brazil,BRA,1992,Community,urban
BRA_1997_Bambui,Brazil,BRA,1997,Community,urban
BRA_2000_riogrande,Brazil,BRA,2000,Subnational,urban
BRA_2003_14076009,Brazil,BRA,2003,Community,urban
BRA_2004_CAJUVDG,Brazil,BRA,2004,Community,rural
BRA_2004_RibeiraPreto,Brazil,BRA,2004,Community,urban
BRA_2004_SPAH,Brazil,BRA,2004,Community,urban
BRA_2005_HOB,Brazil,BRA,2005,National,urban
BRA_2008_Bambui,Brazil,BRA,2008,Community,urban
BRA_2008_CAJUVDG,Brazil,BRA,2008,Community,rural
BRA_2010_SP,Brazil,BRA,2010,Community,rural
BRA_2012_PBC93,Brazil,BRA,2012,Community,urban
BRA_2013_BHS,Brazil,BRA,2013,Community,rural
BRA_2013_PBC-30,Brazil,BRA,2013,Community,urban
BRA_2013_PNS,Brazil,BRA,2013,National,both
BRA_2013_riogrande,Brazil,BRA,2013,Subnational,urban
BRA_2015_Alagoas,Brazil,BRA,2015,Subnational,both
BRA_2015_EPIFLORIPA,Brazil,BRA,2015,Community,urban
BRA_2015_EPIFLORIPAADULT,Brazil,BRA,2015,Community,urban
BRA_2015_OPS,Brazil,BRA,2015,Community,rural
BRB_1990_BES,Barbados,BRB,1990,National,both
BRB_1992_7052008,Barbados,BRB,1992,Community,both
BRB_2000_BISED II,Barbados,BRB,2000,National,both
BRB_2012_HotN,Barbados,BRB,2012,National,both
BRN_2011_NHANSS,Brunei Darussalam,BRN,2011,National,both
BRN_2016_NNCDS,Brunei Darussalam,BRN,2016,National,both
BTN_2007_STEPS,Bhutan,BTN,2007,Community,urban
BTN_2014_STEPS,Bhutan,BTN,2014,National,both
BTN_2019_STEPS,Bhutan,BTN,2019,National,both
BWA_2014_STEPS,Botswana,BWA,2014,National,both
CAF_2010_STEPS,Central African Republic,CAF,2010,Subnational,both
CAN_1994_11574443,Canada,CAN,1994,Community,rural
CAN_1996_CaMos,Canada,CAN,1996,Community,both
CAN_2007_CaMos,Canada,CAN,2007,Subnational,both
CAN_2008_CHMS,Canada,CAN,2008,National,both
CAN_2010_CHMS,Canada,CAN,2010,National,both
CAN_2013_CHMS,Canada,CAN,2013,National,both
CAN_2015_CHMS,Canada,CAN,2015,National,both
CAN_2017_CHMS,Canada,CAN,2017,National,both
CAN_2019_CHMS,Canada,CAN,2019,National,both
CHE_2005_CoLaus,Switzerland,CHE,2005,Community,urban
CHE_2011_CoLaus,Switzerland,CHE,2011,Community,urban
CHE_2016_CoLaus,Switzerland,CHE,2016,Community,urban
CHE_2020_CoLaus,Switzerland,CHE,2020,Community,urban
CHL_1988_CHS,Chile,CHL,1988,Subnational,urban
CHL_1993_citMiquel,Chile,CHL,1993,Community,urban
CHL_2000_citNervi,Chile,CHL,2000,Community,urban
CHL_2003_ENS,Chile,CHL,2003,National,both
CHL_2005_CARMELA,Chile,CHL,2005,Community,urban
CHL_2010_ENS,Chile,CHL,2010,National,both
CHL_2012_CESCAS,Chile,CHL,2012,Community,urban
CHL_2016_ENS,Chile,CHL,2016,National,both
CHN_1992_APCSC-Anzhen02,China,CHN,1992,Community,urban
CHN_1992_APCSC-Fangshan,China,CHN,1992,Community,urban
CHN_1996_CRFPS,China,CHN,1996,Community,urban
CHN_1997_3156004,China,CHN,1997,Community,urban
CHN_2001_InterASIA,China,CHN,2001,National,both
CHN_2003_3156032,China,CHN,2003,Community,both
CHN_2003_3156040,China,CHN,2003,Community,both
CHN_2004_3156081,China,CHN,2004,Community,rural
CHN_2005_3156027,China,CHN,2005,Community,both
CHN_2005_XCAS,China,CHN,2005,Community,urban
CHN_2006_BES,China,CHN,2006,Community,both
CHN_2007_22078718,China,CHN,2007,Community,rural
CHN_2007_HES,China,CHN,2007,Community,rural
CHN_2008_CLHLS,China,CHN,2008,Subnational,both
CHN_2009_33CCHS,China,CHN,2009,Subnational,urban
CHN_2009_CHNS,China,CHN,2009,National,both
CHN_2011_BES,China,CHN,2011,Community,both
CHN_2011_CHARLS,China,CHN,2011,National,both
CHN_2012_CLHLS,China,CHN,2012,Subnational,both
CHN_2012_CNNHS,China,CHN,2012,National,both
CHN_2014_CLHLS,China,CHN,2014,Subnational,both
CHN_2015_ACDNS,China,CHN,2015,National,both
CHN_2016_Henan,China,CHN,2016,Subnational,rural
CHN_2016_INTERMAPICP,China,CHN,2016,Subnational,rural
CHN_2017_FAMILY,China,CHN,2017,Community,urban
CHN_2018_CLHLS,China,CHN,2018,Subnational,both
CMR_1999_ENHIP_rural,Cameroon,CMR,1999,Community,rural
CMR_1999_ENHIP_urban,Cameroon,CMR,1999,Community,urban
CMR_2000_21120007,Cameroon,CMR,2000,Subnational,urban
CMR_2007_CAMBOD2,Cameroon,CMR,2007,Subnational,urban
CMR_2014_CKDDschang,Cameroon,CMR,2014,Community,both
CMR_2015_FarNorth,Cameroon,CMR,2015,Subnational,both
CMR_2018_CKDNorth,Cameroon,CMR,2018,Community,urban
COD_2007_GluKisantu,DR Congo,COD,2007,Community,urban
COD_2017_PRFCKD,DR Congo,COD,2017,Subnational,both
COG_2019_Diabetesprev,Congo,COG,2019,Community,rural
COK_2014_STEPS,Cook Islands,COK,2014,National,both
COL_2001_12170019,Colombia,COL,2001,Community,urban
COL_2005_CARMELA,Colombia,COL,2005,Community,urban
COL_2007_ENS,Colombia,COL,2007,National,both
COL_2010_STEPS,Colombia,COL,2010,Subnational,urban
COL_2015_STEPS,Colombia,COL,2015,Subnational,both
COL_2016_SABE,Colombia,COL,2016,National,both
COM_2011_STEPS,Comoros,COM,2011,National,both
CPV_2007_STEPS,Cabo Verde,CPV,2007,National,both
CPV_2020_STEPS,Cabo Verde,CPV,2020,National,both
CRI_1988_12188010,Costa Rica,CRI,1988,Community,rural
CRI_1988_12188080,Costa Rica,CRI,1988,Community,urban
CRI_2000_12188007,Costa Rica,CRI,2000,Community,urban
CRI_2004_CAMDI,Costa Rica,CRI,2004,Community,urban
CRI_2005_CRELES,Costa Rica,CRI,2005,National,both
CRI_2007_CRELES,Costa Rica,CRI,2007,National,both
CRI_2011_CRELES,Costa Rica,CRI,2011,National,both
CRI_2014_CRFS,Costa Rica,CRI,2014,National,both
CUB_2010_NSRFCD,Cuba,CUB,2010,National,both
CUB_2011_Cienfuegos,Cuba,CUB,2011,Community,urban
CZE_1981_8203008,Czechia,CZE,1981,Subnational,rural
CZE_1981_8203009,Czechia,CZE,1981,Subnational,rural
CZE_1998_postMONICA,Czechia,CZE,1998,National,both
CZE_2001_postMONICA,Czechia,CZE,2001,National,both
CZE_2004_HAPIEE,Czechia,CZE,2004,Subnational,urban
CZE_2008_postMONICA,Czechia,CZE,2008,National,both
CZE_2015_EHES,Czechia,CZE,2015,National,both
CZE_2017_MONICA,Czechia,CZE,2017,National,both
CZE_2020_EHES,Czechia,CZE,2020,National,both
CZE_2021_ELSPAC,Czechia,CZE,2021,Community,both
DEU_2001_ESTHER,Germany,DEU,2001,Subnational,both
DEU_2002_EMIL,Germany,DEU,2002,Community,urban
DEU_2002_HNRS,Germany,DEU,2002,Subnational,urban
DEU_2004_SHIP,Germany,DEU,2004,Subnational,both
DEU_2007_HNRS,Germany,DEU,2007,Subnational,both
DEU_2009_ESTHER,Germany,DEU,2009,Subnational,both
DEU_2010_DEGS1,Germany,DEU,2010,National,both
DEU_2010_SHIP,Germany,DEU,2010,Subnational,both
DEU_2010_SHIPTREND,Germany,DEU,2010,Subnational,both
DEU_2013_HNRS,Germany,DEU,2013,Subnational,both
DEU_2015_SHIP,Germany,DEU,2015,Subnational,both
DEU_2017_SHIPTREND,Germany,DEU,2017,Subnational,both
DMA_2008_STEPS,Dominica,DMA,2008,National,both
DNK_1994_sMonica,Denmark,DNK,1994,Community,urban
DNK_2007_Health2006,Denmark,DNK,2007,Subnational,urban
DNK_2008_DANHES,Denmark,DNK,2008,National,both
DNK_2010_EYHS,Denmark,DNK,2010,Community,both
DNK_2012_Health2006,Denmark,DNK,2012,Subnational,urban
DNK_2014_DanFunD,Denmark,DNK,2014,Subnational,urban
DOM_1997_EFRICARD,Dominican Republic,DOM,1997,National,both
DOM_2011_EFRICARDII,Dominican Republic,DOM,2011,National,both
DZA_2001_15012061,Algeria,DZA,2001,Community,rural
DZA_2003_STEPS,Algeria,DZA,2003,Subnational,both
DZA_2005_TAHINA,Algeria,DZA,2005,National,both
DZA_2008_ISOR,Algeria,DZA,2008,Community,urban
DZA_2017_STEPS,Algeria,DZA,2017,National,both
ECU_2005_CARMELA,Ecuador,ECU,2005,Community,urban
ECU_2010_SABE,Ecuador,ECU,2010,National,both
ECU_2012_ENSANUT,Ecuador,ECU,2012,National,both
ECU_2018_STEPS,Ecuador,ECU,2018,National,both
EGY_1995_15818047,Egypt,EGY,1995,Community,urban
EGY_2004_citMarzouk,Egypt,EGY,2004,Community,rural
EGY_2005_STEPS,Egypt,EGY,2005,National,both
EGY_2008_citMostafa,Egypt,EGY,2008,Community,rural
EGY_2011_STEPS,Egypt,EGY,2011,National,both
EGY_2017_STEPS,Egypt,EGY,2017,National,both
ERI_2010_STEPS,Eritrea,ERI,2010,National,both
ESP_1989_CAT,Spain,ESP,1989,Subnational,both
ESP_1994_10724030,Spain,ESP,1994,Community,urban
ESP_1996_10724028,Spain,ESP,1996,Subnational,both
ESP_1999_10724017,Spain,ESP,1999,Subnational,both
ESP_2000_CORSAIB,Spain,ESP,2000,Subnational,both
ESP_2002_CHIS,Spain,ESP,2002,Subnational,both
ESP_2002_DINO,Spain,ESP,2002,Subnational,both
ESP_2003_CDC,Spain,ESP,2003,Subnational,both
ESP_2003_EMAS,Spain,ESP,2003,Community,both
ESP_2004_citVIOQUE,Spain,ESP,2004,Community,urban
ESP_2004_RECCyL,Spain,ESP,2004,Subnational,both
ESP_2004_REGICOR,Spain,ESP,2004,Subnational,both
ESP_2005_PREVICTUS,Spain,ESP,2005,National,both
ESP_2006_10724060,Spain,ESP,2006,Community,urban
ESP_2008_EMAS,Spain,ESP,2008,Community,both
ESP_2008_HERMEX,Spain,ESP,2008,Subnational,both
ESP_2009_ENRICA,Spain,ESP,2009,National,both
ESP_2009_RECCyL,Spain,ESP,2009,Subnational,both
ESP_2014_RECCyL,Spain,ESP,2014,Subnational,both
ESP_2015_ENRICA,Spain,ESP,2015,National,both
ESP_2017_ENRICASenior,Spain,ESP,2017,Subnational,urban
ESP_2019_ENRICASenior,Spain,ESP,2019,Subnational,urban
EST_1997_9233001,Estonia,EST,1997,Community,urban
EST_2003_EMAS,Estonia,EST,2003,Community,both
EST_2008_EMAS,Estonia,EST,2008,Community,both
ETH_2015_STEPS,Ethiopia,ETH,2015,National,both
FIN_1984_10246005,Finland,FIN,1984,Subnational,both
FIN_1984_10246037,Finland,FIN,1984,Subnational,both
FIN_1984_FINE,Finland,FIN,1984,Community,rural
FIN_1986_YFS_rural,Finland,FIN,1986,National,rural
FIN_1986_YFS_urban,Finland,FIN,1986,National,urban
FIN_1987_KIHD,Finland,FIN,1987,Subnational,both
FIN_1989_FINE,Finland,FIN,1989,Community,rural
FIN_1991_Oulu35,Finland,FIN,1991,Community,urban
FIN_1992_KIHD,Finland,FIN,1992,Subnational,both
FIN_1997_NFBC66,Finland,FIN,1997,Community,both
FIN_1997_Oulu35,Finland,FIN,1997,Community,urban
FIN_2000_KIHD,Finland,FIN,2000,Subnational,both
FIN_2001_HS,Finland,FIN,2001,National,both
FIN_2001_YFS_rural,Finland,FIN,2001,National,rural
FIN_2001_YFS_urban,Finland,FIN,2001,National,urban
FIN_2002_Oulu45,Finland,FIN,2002,Community,urban
FIN_2003_HBCS,Finland,FIN,2003,Community,urban
FIN_2005_10246069,Finland,FIN,2005,Community,rural
FIN_2007_KIHD,Finland,FIN,2007,Subnational,both
FIN_2007_Oulu35,Finland,FIN,2007,Community,urban
FIN_2007_YFS_rural,Finland,FIN,2007,National,rural
FIN_2007_YFS_urban,Finland,FIN,2007,National,urban
FIN_2008_Athletes,Finland,FIN,2008,National,both
FIN_2011_YFS_rural,Finland,FIN,2011,National,rural
FIN_2011_YFS_urban,Finland,FIN,2011,National,urban
FIN_2012_HS,Finland,FIN,2012,National,both
FIN_2012_NFBC66,Finland,FIN,2012,Community,both
FIN_2017_FinHealth,Finland,FIN,2017,National,both
FIN_2019_YFSfu,Finland,FIN,2019,National,both
FIN_2020_NFBC86,Finland,FIN,2020,Community,both
FJI_1980_NCVDS,Fiji,FJI,1980,Subnational,both
FJI_2002_STEPS,Fiji,FJI,2002,National,both
FJI_2009_EHS,Fiji,FJI,2009,National,both
FJI_2011_STEPS,Fiji,FJI,2011,National,both
FRA_1996_10250025,France,FRA,1996,Community,both
FRA_1996_10250053,France,FRA,1996,Subnational,both
FRA_2000_3C,France,FRA,2000,Community,urban
FRA_2004_3C,France,FRA,2004,Community,urban
FRA_2007_ENNS,France,FRA,2007,National,both
FRA_2009_3C,France,FRA,2009,Community,urban
FRA_2012_ELISABETdunkerque,France,FRA,2012,Community,urban
FRA_2012_ELISABETlille,France,FRA,2012,Community,urban
FRA_2013_CONSTANCES,France,FRA,2013,National,urban
FRA_2015_Esteban,France,FRA,2015,National,both
FRA_2016_CONSTANCES,France,FRA,2016,National,urban
FRA_2018_CONSTANCESFU,France,FRA,2018,Subnational,urban
FRA_2019_CONSTANCES,France,FRA,2019,National,urban
FRA_2021_CONSTANCES,France,FRA,2021,Subnational,urban
FRA_2021_CONSTANCESFU,France,FRA,2021,Subnational,urban
FSM_2002_STEPS_pohnpei,Federated States of Micronesia,FSM,2002,Subnational,both
FSM_2006_STEPS_chuuk,Federated States of Micronesia,FSM,2006,Subnational,both
FSM_2008_STEPS_pohnpei,Federated States of Micronesia,FSM,2008,Subnational,both
FSM_2009_STEPS_kosrae,Federated States of Micronesia,FSM,2009,Subnational,both
FSM_2009_STEPS_yap,Federated States of Micronesia,FSM,2009,Subnational,both
GBR_1985_SHHS,United Kingdom,GBR,1985,Subnational,both
GBR_1988_EAS,United Kingdom,GBR,1988,Community,urban
GBR_1993_10826033,United Kingdom,GBR,1993,Community,urban
GBR_1993_10826070,United Kingdom,GBR,1993,Community,urban
GBR_1999_BRHS,United Kingdom,GBR,1999,National,urban
GBR_2000_BWHHS,United Kingdom,GBR,2000,National,both
GBR_2001_HCS,United Kingdom,GBR,2001,Subnational,both
GBR_2003_EMAS,United Kingdom,GBR,2003,Community,both
GBR_2003_HSE,United Kingdom,GBR,2003,National,both
GBR_2003_SHS,United Kingdom,GBR,2003,Subnational,both
GBR_2004_HAS,United Kingdom,GBR,2004,Subnational,both
GBR_2005_ELSA,United Kingdom,GBR,2005,National,both
GBR_2005_HSE,United Kingdom,GBR,2005,National,both
GBR_2006_HSE,United Kingdom,GBR,2006,National,both
GBR_2007_Newcastle,United Kingdom,GBR,2007,Community,urban
GBR_2008_EMAS,United Kingdom,GBR,2008,Community,both
GBR_2008_HSE,United Kingdom,GBR,2008,National,both
GBR_2008_Newcastle,United Kingdom,GBR,2008,Community,urban
GBR_2008_SHS,United Kingdom,GBR,2008,Subnational,both
GBR_2009_ELSA,United Kingdom,GBR,2009,National,both
GBR_2009_HSE,United Kingdom,GBR,2009,National,both
GBR_2009_NSHD,United Kingdom,GBR,2009,National,both
GBR_2009_SHS,United Kingdom,GBR,2009,Subnational,both
GBR_2010_HSE,United Kingdom,GBR,2010,National,both
GBR_2010_NDNS,United Kingdom,GBR,2010,National,both
GBR_2010_Newcastle,United Kingdom,GBR,2010,Community,urban
GBR_2010_SHS,United Kingdom,GBR,2010,Subnational,both
GBR_2010_US,United Kingdom,GBR,2010,National,both
GBR_2011_BHPS,United Kingdom,GBR,2011,National,both
GBR_2011_BRHS,United Kingdom,GBR,2011,National,urban
GBR_2011_HSE,United Kingdom,GBR,2011,National,both
GBR_2011_SHS,United Kingdom,GBR,2011,Subnational,both
GBR_2012_HSE,United Kingdom,GBR,2012,National,both
GBR_2013_ELSA,United Kingdom,GBR,2013,National,both
GBR_2013_HSE,United Kingdom,GBR,2013,National,both
GBR_2014_HSE,United Kingdom,GBR,2014,National,both
GBR_2014_NDNS,United Kingdom,GBR,2014,National,both
GBR_2015_HSE,United Kingdom,GBR,2015,National,both
GBR_2015_NSHD,United Kingdom,GBR,2015,National,both
GBR_2016_HSE,United Kingdom,GBR,2016,National,both
GBR_2016_NDNS,United Kingdom,GBR,2016,National,both
GBR_2017_BCS70,United Kingdom,GBR,2017,National,both
GBR_2017_ELSA,United Kingdom,GBR,2017,National,both
GBR_2017_HSE,United Kingdom,GBR,2017,National,both
GBR_2018_HSE,United Kingdom,GBR,2018,National,both
GBR_2018_NDNS,United Kingdom,GBR,2018,National,both
GBR_2019_ELSA,United Kingdom,GBR,2019,National,both
GBR_2019_HSE,United Kingdom,GBR,2019,National,both
GEO_2010_STEPS,Georgia,GEO,2010,National,both
GEO_2016_STEPS,Georgia,GEO,2016,National,both
GHA_2003_ACCRA,Ghana,GHA,2003,Community,urban
GHA_2006_STEPS,Ghana,GHA,2006,Community,urban
GHA_2013_RODAM-rural,Ghana,GHA,2013,Subnational,rural
GHA_2013_RODAM-urban,Ghana,GHA,2013,Subnational,urban
GIN_2009_STEPS,Guinea,GIN,2009,Subnational,both
GMB_2018_GMNS,Gambia,GMB,2018,National,both
GRC_2001_10300073,Greece,GRC,2001,Community,rural
GRC_2002_ATTICA,Greece,GRC,2002,Community,urban
GRC_2006_Paliouri,Greece,GRC,2006,Community,rural
GRC_2014_HNNHS,Greece,GRC,2014,Subnational,urban
GRC_2015_EMENO,Greece,GRC,2015,National,both
GRL_2008_IHIT,Greenland,GRL,2008,National,both
GRL_2018_PHSG,Greenland,GRL,2018,National,both
GTM_2002_CAMDI,Guatemala,GTM,2002,Community,urban
GTM_2004_INSTC,Guatemala,GTM,2004,Community,both
GTM_2015_STEPS,Guatemala,GTM,2015,Subnational,urban
GTM_2016_META,Guatemala,GTM,2016,Community,both
GTM_2016_SIVESNU,Guatemala,GTM,2016,National,both
GTM_2018_SIVESNU,Guatemala,GTM,2018,National,both
GTM_2019_CKD,Guatemala,GTM,2019,Community,rural
GTM_2019_SIVESNU,Guatemala,GTM,2019,National,both
GUY_2016_STEPS,Guyana,GUY,2016,National,both
HND_2004_CAMDI,Honduras,HND,2004,Community,urban
HRV_2008_ENAH,Croatia,HRV,2008,Subnational,rural
HRV_2010_ENAH,Croatia,HRV,2010,Subnational,rural
HRV_2015_ENAH,Croatia,HRV,2015,Subnational,rural
HRV_2020_EHUH,Croatia,HRV,2020,National,both
HTI_2016_Carrefour,Haiti,HTI,2016,Community,urban
HTI_2016_Thomonde,Haiti,HTI,2016,Community,rural
HUN_1995_15780334,Hungary,HUN,1995,Community,both
HUN_2003_EMAS,Hungary,HUN,2003,Community,both
HUN_2008_EMAS,Hungary,HUN,2008,Community,both
IDN_2001_5360027,Indonesia,IDN,2001,Subnational,both
IDN_2003_GESOPA,Indonesia,IDN,2003,Community,rural
IDN_2003_GESOPB,Indonesia,IDN,2003,Community,rural
IDN_2006_5360040,Indonesia,IDN,2006,Community,urban
IDN_2018_RISKESDAS,Indonesia,IDN,2018,National,both
IND_1989_citRamachandran,India,IND,1989,Community,urban
IND_1995_citRamachandran,India,IND,1995,Community,urban
IND_1998_CUPS,India,IND,1998,Community,urban
IND_1999_4356003,India,IND,1999,Community,urban
IND_2000_citRamachandran,India,IND,2000,Subnational,urban
IND_2000_JHW2,India,IND,2000,Community,urban
IND_2000_VBC,India,IND,2000,Subnational,both
IND_2001_NDBC,India,IND,2001,Community,urban
IND_2003_4356014,India,IND,2003,Community,rural
IND_2003_CURES,India,IND,2003,Community,urban
IND_2004_JHW3,India,IND,2004,Community,urban
IND_2006_citRamachandran,India,IND,2006,Community,both
IND_2006_IJMRNCD,India,IND,2006,Community,both
IND_2006_NNMB,India,IND,2006,Subnational,rural
IND_2007_CIEMS,India,IND,2007,Community,rural
IND_2007_JHW4,India,IND,2007,Community,urban
IND_2008_Hyderabad,India,IND,2008,Community,urban
IND_2008_NDBC,India,IND,2008,Community,urban
IND_2009_INDIAB,India,IND,2009,National,both
IND_2010_JHW5,India,IND,2010,Community,urban
IND_2011_CARRS,India,IND,2011,Community,urban
IND_2012_NNMB,India,IND,2012,National,rural
IND_2013_INDIAB,India,IND,2013,Subnational,both
IND_2013_JHW6,India,IND,2013,Community,urban
IND_2013_processedfoods,India,IND,2013,National,both
IND_2014_AHSCAB,India,IND,2014,National,both
IND_2014_INDIAB,India,IND,2014,Subnational,both
IND_2014_VBC,India,IND,2014,Subnational,both
IND_2015_CHIRI-RV,India,IND,2015,Community,rural
IND_2016_NNMB,India,IND,2016,National,urban
IND_2017_STRiDE-I,India,IND,2017,Community,both
IND_2018_INDIAB,India,IND,2018,Subnational,both
IND_2018_VBC,India,IND,2018,Subnational,both
IND_2019_INDIAB,India,IND,2019,Subnational,both
IND_2020_INDIAB,India,IND,2020,Subnational,both
IND_2021_STEPS,India,IND,2021,Community,urban
IRL_2007_SLAN,Ireland,IRL,2007,National,both
IRL_2009_NANS,Ireland,IRL,2009,National,both
IRN_1994_15364042,Iran,IRN,1994,Community,urban
IRN_2000_NHS,Iran,IRN,2000,Subnational,both
IRN_2001_15364050,Iran,IRN,2001,Community,urban
IRN_2001_15364055,Iran,IRN,2001,Community,urban
IRN_2001_IHHP-Arak-rural,Iran,IRN,2001,Community,rural
IRN_2001_IHHP-Arak-urban,Iran,IRN,2001,Community,urban
IRN_2001_IHHP-Isfahan-rural,Iran,IRN,2001,Community,rural
IRN_2001_IHHP-Isfahan-urban,Iran,IRN,2001,Community,urban
IRN_2001_IHHP-Najaf_Abad-rural,Iran,IRN,2001,Community,rural
IRN_2001_IHHP-Najaf_Abad-urban,Iran,IRN,2001,Community,urban
IRN_2004_18695867,Iran,IRN,2004,Community,both
IRN_2004_CASPIAN,Iran,IRN,2004,National,both
IRN_2004_PGHHS,Iran,IRN,2004,Subnational,urban
IRN_2005_STEPS,Iran,IRN,2005,National,both
IRN_2007_IHHP-Arak-rural,Iran,IRN,2007,Community,rural
IRN_2007_IHHP-Arak-urban,Iran,IRN,2007,Community,urban
IRN_2007_IHHP-Isfahan-rural,Iran,IRN,2007,Community,rural
IRN_2007_IHHP-Isfahan-urban,Iran,IRN,2007,Community,urban
IRN_2007_IHHP-Najaf_Abad-rural,Iran,IRN,2007,Community,rural
IRN_2007_IHHP-Najaf_Abad-urban,Iran,IRN,2007,Community,urban
IRN_2007_IHHPS-Arak-rural,Iran,IRN,2007,Community,rural
IRN_2007_IHHPS-Arak-urban,Iran,IRN,2007,Community,urban
IRN_2007_IHHPS-Isfahan-urban,Iran,IRN,2007,Community,urban
IRN_2007_IHHPS-Najaf_Abad-rural,Iran,IRN,2007,Community,rural
IRN_2007_STEPS-n,Iran,IRN,2007,National,both
IRN_2007_STEPS-p,Iran,IRN,2007,National,both
IRN_2010_CASPIAN,Iran,IRN,2010,National,both
IRN_2010_PGHHS,Iran,IRN,2010,Subnational,urban
IRN_2010_TLGS4,Iran,IRN,2010,Community,urban
IRN_2011_GCSrural,Iran,IRN,2011,Subnational,rural
IRN_2011_GCSurban,Iran,IRN,2011,Community,urban
IRN_2011_STEPS,Iran,IRN,2011,National,both
IRN_2012_Amolrural,Iran,IRN,2012,Community,rural
IRN_2012_Amolurban,Iran,IRN,2012,Community,urban
IRN_2012_Tehran,Iran,IRN,2012,Community,urban
IRN_2013_PCS,Iran,IRN,2013,Community,rural
IRN_2013_Zahedan,Iran,IRN,2013,Community,urban
IRN_2014_BEHP,Iran,IRN,2014,Community,urban
IRN_2014_GES,Iran,IRN,2014,Subnational,both
IRN_2015_CASPIAN,Iran,IRN,2015,National,both
IRN_2015_Fasarural,Iran,IRN,2015,Community,rural
IRN_2015_Fasaurban,Iran,IRN,2015,Community,urban
IRN_2015_Guilanrural,Iran,IRN,2015,Community,rural
IRN_2015_Guilanurban,Iran,IRN,2015,Community,urban
IRN_2015_Kermanshahrural,Iran,IRN,2015,Community,rural
IRN_2015_Kermanshahurban,Iran,IRN,2015,Community,urban
IRN_2015_Kharamehrural,Iran,IRN,2015,Community,rural
IRN_2015_Kharamehurban,Iran,IRN,2015,Community,urban
IRN_2015_Tabrizrural,Iran,IRN,2015,Community,rural
IRN_2015_Tabrizurban,Iran,IRN,2015,Community,urban
IRN_2016_Mazandaranrural,Iran,IRN,2016,Community,rural
IRN_2016_Mazandaranurban,Iran,IRN,2016,Community,urban
IRN_2016_Rafsanjanrural,Iran,IRN,2016,Community,rural
IRN_2016_Rafsanjanurban,Iran,IRN,2016,Community,urban
IRN_2016_STEPS,Iran,IRN,2016,National,both
IRN_2016_Yazd,Iran,IRN,2016,Community,urban
IRN_2017_Ahvazrural,Iran,IRN,2017,Community,rural
IRN_2017_Ahvazurban,Iran,IRN,2017,Community,urban
IRN_2017_BandarKongrural,Iran,IRN,2017,Community,rural
IRN_2017_BandarKongurban,Iran,IRN,2017,Community,urban
IRN_2017_citAlinezhad,Iran,IRN,2017,Community,urban
IRN_2017_IraPEN,Iran,IRN,2017,Community,rural
IRN_2017_IRCAP,Iran,IRN,2017,Subnational,both
IRN_2017_Urmiarural,Iran,IRN,2017,Community,rural
IRN_2017_Urmiaurban,Iran,IRN,2017,Community,urban
IRN_2017_Zahedan,Iran,IRN,2017,Community,urban
IRN_2018_Ardabil,Iran,IRN,2018,Community,urban
IRN_2018_Denarural,Iran,IRN,2018,Community,rural
IRN_2018_Denaurban,Iran,IRN,2018,Community,urban
IRN_2018_easterniran,Iran,IRN,2018,Community,rural
IRN_2018_Kavar,Iran,IRN,2018,Community,urban
IRN_2018_Nelsa,Iran,IRN,2018,Subnational,urban
IRN_2018_Sabzevar,Iran,IRN,2018,Community,urban
IRN_2018_Shahrekordrural,Iran,IRN,2018,Community,rural
IRN_2018_Shahrekordurban,Iran,IRN,2018,Community,urban
IRN_2019_Dehgolan,Iran,IRN,2019,Community,urban
IRN_2021_STEPS,Iran,IRN,2021,National,both
IRQ_2006_STEPS,Iraq,IRQ,2006,National,both
IRQ_2015_STEPS,Iraq,IRQ,2015,National,both
ISR_1991_JLCS,Israel,ISR,1991,Community,urban
ISR_1998_JLCS,Israel,ISR,1998,Community,urban
ISR_2002_GOH,Israel,ISR,2002,National,urban
ISR_2005_HDS,Israel,ISR,2005,Subnational,urban
ISR_2006_JLCS,Israel,ISR,2006,Community,urban
ISR_2011_JLCS,Israel,ISR,2011,Community,urban
ITA_1982_10380078,Italy,ITA,1982,Community,rural
ITA_1984_Gubbio,Italy,ITA,1984,Community,both
ITA_1984_MATISS,Italy,ITA,1984,Community,rural
ITA_1987_MATISS,Italy,ITA,1987,Community,rural
ITA_1987_MONICAbrianza,Italy,ITA,1987,Subnational,both
ITA_1989_VHS,Italy,ITA,1989,Community,rural
ITA_1990_BRUNECKstudy,Italy,ITA,1990,Community,rural
ITA_1990_MONICAbrianza,Italy,ITA,1990,Subnational,both
ITA_1991_10380032,Italy,ITA,1991,Community,urban
ITA_1991_FINE,Italy,ITA,1991,Community,rural
ITA_1991_Gubbio,Italy,ITA,1991,Community,both
ITA_1993_ILSA,Italy,ITA,1993,National,both
ITA_1994_MATISS,Italy,ITA,1994,Community,rural
ITA_1995_10380052,Italy,ITA,1995,Community,both
ITA_1995_BRUNECKstudy,Italy,ITA,1995,Community,rural
ITA_1996_ILSA,Italy,ITA,1996,National,both
ITA_1997_PROVA,Italy,ITA,1997,Subnational,both
ITA_1999_10380045,Italy,ITA,1999,Community,both
ITA_1999_VIP,Italy,ITA,1999,Community,both
ITA_2000_BRUNECKstudy,Italy,ITA,2000,Community,rural
ITA_2000_FINE,Italy,ITA,2000,Community,rural
ITA_2000_OEC,Italy,ITA,2000,National,both
ITA_2001_ILSA,Italy,ITA,2001,National,both
ITA_2002_10380055,Italy,ITA,2002,Community,both
ITA_2002_PROVA,Italy,ITA,2002,Subnational,both
ITA_2003_19321325,Italy,ITA,2003,Community,urban
ITA_2003_EMAS,Italy,ITA,2003,Community,both
ITA_2004_Gubbio,Italy,ITA,2004,Community,both
ITA_2004_PROVA,Italy,ITA,2004,Subnational,both
ITA_2005_BRUNECKstudy,Italy,ITA,2005,Community,rural
ITA_2005_IPREA,Italy,ITA,2005,National,both
ITA_2005_Vobarno,Italy,ITA,2005,Community,rural
ITA_2006_MOLIF,Italy,ITA,2006,Subnational,both
ITA_2008_EMAS,Italy,ITA,2008,Community,both
ITA_2008_Moli,Italy,ITA,2008,Subnational,both
ITA_2009_VIP,Italy,ITA,2009,Community,both
ITA_2010_BRUNECKstudy,Italy,ITA,2010,Community,rural
ITA_2010_citGrosso,Italy,ITA,2010,Community,both
ITA_2010_OEC,Italy,ITA,2010,National,both
ITA_2011_CAMELIA,Italy,ITA,2011,Community,both
ITA_2012_Vobarno,Italy,ITA,2012,Community,rural
ITA_2015_BRUNECKstudy,Italy,ITA,2015,Community,rural
ITA_2016_EVA,Italy,ITA,2016,Subnational,both
ITA_2018_VIP,Italy,ITA,2018,Community,both
ITA_2019_Moli,Italy,ITA,2019,Subnational,both
JAM_1991_7388007,Jamaica,JAM,1991,National,both
JAM_1995_7388006,Jamaica,JAM,1995,Community,urban
JAM_2001_JHLS,Jamaica,JAM,2001,National,both
JAM_2007_JYRRBS,Jamaica,JAM,2007,National,both
JAM_2008_JHLS,Jamaica,JAM,2008,National,both
JAM_2012_OPJ,Jamaica,JAM,2012,National,both
JAM_2017_JHLS,Jamaica,JAM,2017,National,both
JOR_2004_BRFSS,Jordan,JOR,2004,National,rural
JOR_2007_BRFSS,Jordan,JOR,2007,National,both
JOR_2009_MAVDS,Jordan,JOR,2009,National,both
JOR_2016_NCDDS,Jordan,JOR,2016,National,both
JOR_2019_STEPS,Jordan,JOR,2019,National,both
JPN_1986_APCSC-Akabane,Japan,JPN,1986,Community,urban
JPN_1987_APCSC-Konan,Japan,JPN,1987,Community,rural
JPN_1988_APCSC-Konan,Japan,JPN,1988,Community,rural
JPN_1988_HiS,Japan,JPN,1988,Community,rural
JPN_1989_APCSC-Konan,Japan,JPN,1989,Community,rural
JPN_1989_NNS,Japan,JPN,1989,National,both
JPN_1990_APCSC-Konan,Japan,JPN,1990,Community,rural
JPN_1990_NNS,Japan,JPN,1990,National,both
JPN_1991_1392004,Japan,JPN,1991,Community,rural
JPN_1991_APCSC-Konan,Japan,JPN,1991,Community,rural
JPN_1991_NNS,Japan,JPN,1991,National,both
JPN_1992_APCSC-Konan,Japan,JPN,1992,Community,rural
JPN_1992_NNS,Japan,JPN,1992,National,both
JPN_1993_APCSC-Konan,Japan,JPN,1993,Community,rural
JPN_1993_NNS,Japan,JPN,1993,National,both
JPN_1994_APCSC-Konan,Japan,JPN,1994,Community,rural
JPN_1994_NNS,Japan,JPN,1994,National,both
JPN_1995_APCSC-Konan,Japan,JPN,1995,Community,rural
JPN_1995_NNS,Japan,JPN,1995,National,both
JPN_1996_NNS,Japan,JPN,1996,National,both
JPN_1997_NNS,Japan,JPN,1997,National,both
JPN_1998_1392009,Japan,JPN,1998,Community,urban
JPN_1998_NNS,Japan,JPN,1998,National,both
JPN_1999_NNS,Japan,JPN,1999,National,both
JPN_2000_Niigata,Japan,JPN,2000,Community,urban
JPN_2000_NNS,Japan,JPN,2000,National,both
JPN_2001_1392021,Japan,JPN,2001,Community,rural
JPN_2001_JAHSD,Japan,JPN,2001,Subnational,both
JPN_2001_Niigata,Japan,JPN,2001,Community,urban
JPN_2001_NNS,Japan,JPN,2001,National,both
JPN_2002_Niigata,Japan,JPN,2002,Community,urban
JPN_2002_NNS,Japan,JPN,2002,National,both
JPN_2003_HiS,Japan,JPN,2003,Community,rural
JPN_2003_NHNS,Japan,JPN,2003,National,both
JPN_2003_Niigata,Japan,JPN,2003,Community,urban
JPN_2004_NHNS,Japan,JPN,2004,National,both
JPN_2004_Niigata,Japan,JPN,2004,Community,urban
JPN_2005_JPHCDS,Japan,JPN,2005,Subnational,both
JPN_2005_NHNS,Japan,JPN,2005,National,both
JPN_2005_Niigata,Japan,JPN,2005,Community,urban
JPN_2006_NHNS,Japan,JPN,2006,National,both
JPN_2006_Niigata,Japan,JPN,2006,Community,urban
JPN_2007_NHNS,Japan,JPN,2007,National,both
JPN_2007_Niigata,Japan,JPN,2007,Community,urban
JPN_2008_1392020,Japan,JPN,2008,Community,urban
JPN_2008_NHNS,Japan,JPN,2008,National,both
JPN_2008_Niigata,Japan,JPN,2008,Community,urban
JPN_2009_NHNS,Japan,JPN,2009,National,both
JPN_2010_NHNS,Japan,JPN,2010,National,both
JPN_2011_NHNS,Japan,JPN,2011,National,both
JPN_2011_THSAD,Japan,JPN,2011,Community,urban
JPN_2012_NHNS,Japan,JPN,2012,National,both
JPN_2013_NHNS,Japan,JPN,2013,National,both
JPN_2014_JPHC-Next,Japan,JPN,2014,Subnational,both
JPN_2014_Nagahama,Japan,JPN,2014,Community,rural
JPN_2014_NHNS,Japan,JPN,2014,National,both
JPN_2015_NHNS,Japan,JPN,2015,National,both
JPN_2016_NHNS,Japan,JPN,2016,National,both
JPN_2017_NHNS,Japan,JPN,2017,National,both
JPN_2017_Shizuoka,Japan,JPN,2017,Subnational,both
JPN_2017_THSAD,Japan,JPN,2017,Community,urban
JPN_2018_NHNS,Japan,JPN,2018,National,both
JPN_2019_NHNS,Japan,JPN,2019,National,both
JPN_2022_THSAD,Japan,JPN,2022,Community,urban
KAZ_2012_HHS,Kazakhstan,KAZ,2012,National,both
KAZ_2015_Almaty,Kazakhstan,KAZ,2015,Subnational,both
KAZ_2015_Shymkent,Kazakhstan,KAZ,2015,Subnational,both
KAZ_2016_Aktobe,Kazakhstan,KAZ,2016,Subnational,both
KAZ_2019_Karaganda,Kazakhstan,KAZ,2019,Community,urban
KAZ_2021_NCDRF,Kazakhstan,KAZ,2021,Subnational,both
KAZ_2022_PRFNCD,Kazakhstan,KAZ,2022,National,both
KEN_2015_STEPS,Kenya,KEN,2015,National,both
KGZ_2013_STEPS,Kyrgyzstan,KGZ,2013,National,both
KHM_2010_STEPS,Cambodia,KHM,2010,National,both
KHM_2023_STEPS,Cambodia,KHM,2023,National,both
KIR_1981_ESK_rural,Kiribati,KIR,1981,Subnational,rural
KIR_1981_ESK_urban,Kiribati,KIR,1981,Subnational,urban
KIR_2004_STEPS,Kiribati,KIR,2004,National,both
KIR_2016_STEPS,Kiribati,KIR,2016,National,both
KOR_2001_1410013,South Korea,KOR,2001,Community,both
KOR_2001_KNHANES,South Korea,KOR,2001,National,both
KOR_2003_KNHI,South Korea,KOR,2003,National,both
KOR_2005_KNHANES,South Korea,KOR,2005,National,both
KOR_2005_KNHI,South Korea,KOR,2005,National,both
KOR_2007_KNHANES,South Korea,KOR,2007,National,both
KOR_2007_KNHI,South Korea,KOR,2007,National,both
KOR_2008_KNHANES,South Korea,KOR,2008,National,both
KOR_2009_KNHANES,South Korea,KOR,2009,National,both
KOR_2009_KNHI,South Korea,KOR,2009,National,both
KOR_2010_KNHANES,South Korea,KOR,2010,National,both
KOR_2011_KNHANES,South Korea,KOR,2011,National,both
KOR_2011_KNHI,South Korea,KOR,2011,National,both
KOR_2012_KNHANES,South Korea,KOR,2012,National,both
KOR_2013_KNHANES,South Korea,KOR,2013,National,both
KOR_2013_KNHI,South Korea,KOR,2013,National,both
KOR_2014_KNHANES,South Korea,KOR,2014,National,both
KOR_2015_KNHANES,South Korea,KOR,2015,National,both
KOR_2015_KNHI,South Korea,KOR,2015,National,both
KOR_2016_KNHANES,South Korea,KOR,2016,National,both
KOR_2017_KNHANES,South Korea,KOR,2017,National,both
KOR_2017_KNHI,South Korea,KOR,2017,National,both
KOR_2018_KNHANES,South Korea,KOR,2018,National,both
KOR_2019_KNHANES,South Korea,KOR,2019,National,both
KOR_2019_KNHI,South Korea,KOR,2019,National,both
KOR_2020_KNHANES,South Korea,KOR,2020,National,both
KOR_2021_KNHANES,South Korea,KOR,2021,National,both
KWT_2006_STEPS,Kuwait,KWT,2006,National,both
KWT_2009_NNSSK,Kuwait,KWT,2009,National,both
KWT_2013_KDEP,Kuwait,KWT,2013,National,both
KWT_2014_STEPS,Kuwait,KWT,2014,National,both
LAO_2013_STEPS,Lao PDR,LAO,2013,National,both
LBN_2017_STEPS,Lebanon,LBN,2017,National,both
LBR_2011_STEPS,Liberia,LBR,2011,National,both
LBR_2022_STEPS,Liberia,LBR,2022,National,both
LBY_1999_15434051,Libya,LBY,1999,Community,both
LBY_2009_STEPS,Libya,LBY,2009,National,both
LCA_2012_STEPS,Saint Lucia,LCA,2012,National,both
LCA_2020_STEPS,Saint Lucia,LCA,2020,National,both
LKA_2000_5144011,Sri Lanka,LKA,2000,Community,urban
LKA_2006_SLDCS,Sri Lanka,LKA,2006,National,both
LKA_2007_22998091,Sri Lanka,LKA,2007,Community,urban
LKA_2010_23237051,Sri Lanka,LKA,2010,Subnational,both
LKA_2014_STEPS,Sri Lanka,LKA,2014,National,both
LKA_2021_STEPS,Sri Lanka,LKA,2021,National,both
LSO_2012_STEPS,Lesotho,LSO,2012,National,both
LTU_2002_MONICA4,Lithuania,LTU,2002,Community,urban
LTU_2007_HAPIEE,Lithuania,LTU,2007,Community,urban
LUX_2008_ORISCAV,Luxembourg,LUX,2008,National,both
LUX_2014_EHES,Luxembourg,LUX,2014,National,both
LUX_2017_ORISCAV,Luxembourg,LUX,2017,Community,both
LVA_2009_CRFS,Latvia,LVA,2009,National,both
MAR_2000_NS,Morocco,MAR,2000,National,both
MAR_2017_STEPS,Morocco,MAR,2017,National,both
MDA_2013_STEPS,Moldova,MDA,2013,National,both
MDA_2021_STEPS,Moldova,MDA,2021,National,both
MDV_2004_STEPS,Maldives,MDV,2004,Subnational,urban
MDV_2021_STEPS,Maldives,MDV,2021,National,both
MEX_2005_CARMELA,Mexico,MEX,2005,Community,urban
MEX_2006_ENSANUT,Mexico,MEX,2006,National,both
MEX_2011_ENNViH,Mexico,MEX,2011,National,both
MEX_2012_MHAS,Mexico,MEX,2012,National,both
MEX_2016_ENSANUT,Mexico,MEX,2016,National,both
MEX_2016_MEXCOG,Mexico,MEX,2016,National,both
MEX_2019_ENSANUT,Mexico,MEX,2019,National,both
MEX_2020_ENSANUT,Mexico,MEX,2020,National,both
MEX_2021_ENSANUT,Mexico,MEX,2021,National,both
MEX_2022_ENSANUT,Mexico,MEX,2022,National,both
MHL_2002_STEPS,Marshall Islands,MHL,2002,National,both
MHL_2018_STEPS,Marshall Islands,MHL,2018,National,both
MLI_2013_STEPS,Mali,MLI,2013,Subnational,both
MLT_1981_10470027,Malta,MLT,1981,Community,both
MLT_2015_SAHHTEK,Malta,MLT,2015,National,both
MMR_2004_STEPS,Myanmar,MMR,2004,Subnational,both
MMR_2014_STEPS,Myanmar,MMR,2014,National,both
MMR_2014_STEPSYangon,Myanmar,MMR,2014,Subnational,both
MNG_2005_STEPS,Mongolia,MNG,2005,National,both
MNG_2009_STEPS,Mongolia,MNG,2009,National,both
MNG_2013_STEPS,Mongolia,MNG,2013,National,both
MNG_2019_STEPS,Mongolia,MNG,2019,National,both
MOZ_2015_STEPS,Mozambique,MOZ,2015,National,both
MRT_2006_STEPS,Mauritania,MRT,2006,Community,urban
MUS_1987_MNCS,Mauritius,MUS,1987,National,both
MUS_1992_MNCS,Mauritius,MUS,1992,National,both
MUS_1992_Rodrigues,Mauritius,MUS,1992,Community,rural
MUS_1998_MNCS,Mauritius,MUS,1998,National,both
MUS_1999_Rodrigues,Mauritius,MUS,1999,Community,rural
MUS_2009_MNCS,Mauritius,MUS,2009,National,both
MUS_2015_MNCS,Mauritius,MUS,2015,National,both
MUS_2015_MNCS98FUP,Mauritius,MUS,2015,National,both
MWI_2009_STEPS,Malawi,MWI,2009,National,both
MWI_2015_NCDSrural,Malawi,MWI,2015,Community,rural
MWI_2015_NCDSurban,Malawi,MWI,2015,Community,urban
MWI_2017_STEPS,Malawi,MWI,2017,National,both
MYS_2004_citRampal,Malaysia,MYS,2004,National,both
MYS_2006_NHMS,Malaysia,MYS,2006,National,both
MYS_2008_MSSMrural,Malaysia,MYS,2008,National,rural
MYS_2008_MSSMurban,Malaysia,MYS,2008,National,urban
MYS_2011_NHMS,Malaysia,MYS,2011,National,both
MYS_2015_NHMS,Malaysia,MYS,2015,National,both
MYS_2019_NHMS,Malaysia,MYS,2019,National,both
NAM_2013_DHS,Namibia,NAM,2013,National,both
NER_2021_STEPS,Niger,NER,2021,National,both
NGA_1998_21566008,Nigeria,NGA,1998,Community,rural
NGA_2005_citUkoli,Nigeria,NGA,2005,Subnational,both
NGA_2006_ClusteringNNigeria,Nigeria,NGA,2006,Community,urban
NGA_2007_SoutheastNigeria,Nigeria,NGA,2007,Community,rural
NGA_2010_AnthroCalabar,Nigeria,NGA,2010,Community,urban
NIC_2004_CAMDI,Nicaragua,NIC,2004,Community,urban
NLD_1990_10528034,Netherlands,NLD,1990,Community,urban
NLD_1990_ZES,Netherlands,NLD,1990,Community,urban
NLD_1996_LASA,Netherlands,NLD,1996,Subnational,both
NLD_2000_Regenboog,Netherlands,NLD,2000,National,both
NLD_2002_SUNSET,Netherlands,NLD,2002,Community,urban
NLD_2009_LASA,Netherlands,NLD,2009,Subnational,both
NLD_2013_HELIUS,Netherlands,NLD,2013,Community,urban
NLD_2013_LASA,Netherlands,NLD,2013,Subnational,both
NOR_2002_Tromso,Norway,NOR,2002,Community,both
NOR_2008_Tromso,Norway,NOR,2008,Community,both
NOR_2018_HUNT,Norway,NOR,2018,Community,rural
NPL_1990_4524013,Nepal,NPL,1990,Community,rural
NPL_2000_4524020,Nepal,NPL,2000,Subnational,rural
NPL_2000_4524084,Nepal,NPL,2000,Subnational,urban
NPL_2009_KHDC1,Nepal,NPL,2009,Community,rural
NPL_2009_KHDC2,Nepal,NPL,2009,Community,urban
NPL_2009_KHDC3,Nepal,NPL,2009,Community,urban
NPL_2013_STEPS,Nepal,NPL,2013,National,both
NPL_2015_STEPSDhankuta,Nepal,NPL,2015,Subnational,rural
NPL_2015_STEPSIlam,Nepal,NPL,2015,Subnational,rural
NPL_2017_NCD,Nepal,NPL,2017,National,both
NPL_2019_STEPS,Nepal,NPL,2019,National,both
NRU_1982_NIDDM,Nauru,NRU,1982,National,both
NRU_1987_NIDDM,Nauru,NRU,1987,National,both
NRU_1994_NIDDM,Nauru,NRU,1994,National,both
NRU_2006_STEPS,Nauru,NRU,2006,National,both
NRU_2015_STEPS,Nauru,NRU,2015,National,both
NZL_2009_ANS,New Zealand,NZL,2009,National,both
NZL_2015_NZHS,New Zealand,NZL,2015,National,both
OMN_1991_NDS,Oman,OMN,1991,National,both
OMN_2000_ONHS,Oman,OMN,2000,National,both
OMN_2001_Nizwa,Oman,OMN,2001,Community,urban
OMN_2008_WHS,Oman,OMN,2008,National,both
OMN_2017_STEPS,Oman,OMN,2017,National,both
PAK_1994_4586016,Pakistan,PAK,1994,Subnational,rural
PAK_2002_21890227,Pakistan,PAK,2002,Subnational,rural
PAK_2005_4586023,Pakistan,PAK,2005,Community,urban
PAK_2009_21890227,Pakistan,PAK,2009,Subnational,rural
PAK_2017_NDSP,Pakistan,PAK,2017,National,both
PAN_2011_PREFREC,Panama,PAN,2011,Subnational,both
PAN_2019_ENSPA,Panama,PAN,2019,National,both
PER_2004_FRENTtrujillo,Peru,PER,2004,Community,urban
PER_2005_11604003,Peru,PER,2005,Community,urban
PER_2005_CARMELA,Peru,PER,2005,Community,urban
PER_2005_ENIN,Peru,PER,2005,National,both
PER_2005_FRENThuancayo,Peru,PER,2005,Community,urban
PER_2006_FRENTlima,Peru,PER,2006,Community,urban
PER_2008_PMS,Peru,PER,2008,Community,both
PER_2011_CRONICAS,Peru,PER,2011,Subnational,both
PER_2013_ElderlySMP,Peru,PER,2013,Community,urban
PER_2014_CRONICAS,Peru,PER,2014,Subnational,both
PER_2016_PMS,Peru,PER,2016,Community,both
PER_2017_T2DMSCREENING,Peru,PER,2017,Community,urban
PER_2018_VIANEV,Peru,PER,2018,National,both
PHL_1998_5608020,Philippines,PHL,1998,National,both
PHL_2003_NNSsub,Philippines,PHL,2003,National,both
PHL_2005_CLHNS-Child,Philippines,PHL,2005,Community,both
PHL_2005_CLHNS-Mom,Philippines,PHL,2005,Community,both
PHL_2008_NNSsub,Philippines,PHL,2008,National,both
PHL_2008_PLCC,Philippines,PHL,2008,National,both
PHL_2014_NNS,Philippines,PHL,2014,National,both
PLW_2012_STEPS,Palau,PLW,2012,National,both
PLW_2016_STEPS,Palau,PLW,2016,National,both
PNG_1991_citDowse,Papua New Guinea,PNG,1991,Subnational,both
PNG_2007_STEPS,Papua New Guinea,PNG,2007,National,both
POL_1989_CINDI,Poland,POL,1989,Community,urban
POL_1993_8616006,Poland,POL,1993,Community,urban
POL_2000_CINDI,Poland,POL,2000,Community,urban
POL_2002_CINDI,Poland,POL,2002,Community,urban
POL_2002_CINDI-senior,Poland,POL,2002,Community,urban
POL_2002_NATPOL,Poland,POL,2002,National,both
POL_2002_YMCA,Poland,POL,2002,Community,urban
POL_2003_EMAS,Poland,POL,2003,Community,both
POL_2004_HAPIEE,Poland,POL,2004,Community,urban
POL_2004_WOBASZ,Poland,POL,2004,National,both
POL_2006_CINDI,Poland,POL,2006,Community,urban
POL_2008_EMAS,Poland,POL,2008,Community,both
POL_2009_PolSenior,Poland,POL,2009,National,both
POL_2010_22216794,Poland,POL,2010,Community,both
POL_2011_NATPOL,Poland,POL,2011,National,both
POL_2013_MHESS,Poland,POL,2013,Community,rural
POL_2014_WOBASZ,Poland,POL,2014,National,both
POL_2016_LIPIDOGRAM,Poland,POL,2016,National,both
PRI_2006_7630016,Puerto Rico,PRI,2006,Community,urban
PRT_2001_EPIPorto,Portugal,PRT,2001,Community,urban
PRT_2012_EPITeen,Portugal,PRT,2012,Community,urban
PSE_1997_citAbu-Rmeilehrural,State of Palestine,PSE,1997,Community,rural
PSE_1997_citAbu-Rmeilehurban,State of Palestine,PSE,1997,Community,urban
PSE_2010_STEPS,State of Palestine,PSE,2010,National,both
PSE_2022_STEPS,State of Palestine,PSE,2022,National,both
PYF_2010_STEPS,French Polynesia,PYF,2010,National,both
QAT_2012_STEPS,Qatar,QAT,2012,National,both
ROU_1997_VALM,Romania,ROU,1997,National,both
ROU_2012_SEPHAR,Romania,ROU,2012,National,both
ROU_2013_PREDATORR,Romania,ROU,2013,National,both
RUS_2004_HAPIEE,Russian Federation,RUS,2004,Community,urban
RUS_2013_ESSERF,Russian Federation,RUS,2013,National,both
RUS_2016_UEMSrural,Russian Federation,RUS,2016,Subnational,rural
RUS_2016_UEMSurban,Russian Federation,RUS,2016,Community,urban
RUS_2017_ESSERF2,Russian Federation,RUS,2017,Subnational,both
RUS_2019_UVOS,Russian Federation,RUS,2019,Community,both
RWA_2012_STEPS,Rwanda,RWA,2012,National,both
RWA_2021_STEPS,Rwanda,RWA,2021,National,both
SAU_1998_15682011,Saudi Arabia,SAU,1998,National,both
SAU_2005_STEPS,Saudi Arabia,SAU,2005,National,both
SAU_2009_RIYADH,Saudi Arabia,SAU,2009,Community,urban
SAU_2012_Jeeluna,Saudi Arabia,SAU,2012,National,both
SDN_2005_STEPS,Sudan,SDN,2005,Subnational,both
SDN_2016_STEPS,Sudan,SDN,2016,National,both
SEN_2011_NTS,Senegal,SEN,2011,Subnational,both
SEN_2015_MACROSEN,Senegal,SEN,2015,Community,both
SEN_2015_STEPS,Senegal,SEN,2015,National,both
SGP_1984_THS,Singapore,SGP,1984,National,both
SGP_1992_NHS,Singapore,SGP,1992,National,both
SGP_1994_NUH,Singapore,SGP,1994,National,both
SGP_1998_NHS,Singapore,SGP,1998,National,both
SGP_2004_1702008,Singapore,SGP,2004,National,both
SGP_2004_SLAS,Singapore,SGP,2004,Community,both
SGP_2006_FUS,Singapore,SGP,2006,National,both
SGP_2011_SLAS,Singapore,SGP,2011,Community,both
SGP_2013_SH12,Singapore,SGP,2013,National,both
SGP_2015_SH2,Singapore,SGP,2015,National,both
SLB_2004_GESOPrural,Solomon Islands,SLB,2004,Community,rural
SLB_2004_GESOPurban,Solomon Islands,SLB,2004,Community,urban
SLB_2006_STEPS,Solomon Islands,SLB,2006,Subnational,both
SLB_2010_citFURUSAWArural,Solomon Islands,SLB,2010,Subnational,rural
SLB_2010_citFURUSAWAurban,Solomon Islands,SLB,2010,Subnational,urban
SLB_2015_STEPS,Solomon Islands,SLB,2015,National,both
SLB_2018_relocation,Solomon Islands,SLB,2018,Community,both
SLV_2004_CAMDI,El Salvador,SLV,2004,Community,urban
SLV_2015_ENECA,El Salvador,SLV,2015,National,both
SOM_2016_HARGEISA,Somalia,SOM,2016,Community,urban
STP_2019_STEPS,Sao Tome and Principe,STP,2019,National,both
SUR_2014_HELISUR,Suriname,SUR,2014,Subnational,urban
SVK_1993_CINDI,Slovakia,SVK,1993,National,both
SVK_1998_CINDI,Slovakia,SVK,1998,National,both
SVK_2003_CINDI,Slovakia,SVK,2003,National,both
SVK_2008_CINDI,Slovakia,SVK,2008,National,both
SVK_2012_EHES,Slovakia,SVK,2012,National,both
SWE_1981_PSWG,Sweden,SWE,1981,Community,urban
SWE_1983_ULSAM,Sweden,SWE,1983,Community,both
SWE_1991_10752066,Sweden,SWE,1991,Subnational,both
SWE_1993_PSWG,Sweden,SWE,1993,Community,urban
SWE_1993_ULSAM,Sweden,SWE,1993,Community,both
SWE_1994_10752046,Sweden,SWE,1994,Community,urban
SWE_1994_HP,Sweden,SWE,1994,Community,urban
SWE_1995_MONICAgothenburg,Sweden,SWE,1995,Community,urban
SWE_1997_10752035,Sweden,SWE,1997,Community,urban
SWE_1999_ULSAM,Sweden,SWE,1999,Community,both
SWE_2003_EMAS,Sweden,SWE,2003,Community,both
SWE_2003_INTERGENE,Sweden,SWE,2003,Subnational,both
SWE_2003_PIVUS,Sweden,SWE,2003,Community,both
SWE_2004_10752059,Sweden,SWE,2004,Community,urban
SWE_2004_MPPRS,Sweden,SWE,2004,Community,both
SWE_2004_ULSAM,Sweden,SWE,2004,Community,both
SWE_2005_EYHS,Sweden,SWE,2005,Subnational,urban
SWE_2005_PSWG,Sweden,SWE,2005,Community,urban
SWE_2008_EMAS,Sweden,SWE,2008,Community,both
SWE_2008_PIVUS,Sweden,SWE,2008,Community,both
SWE_2009_ULSAM,Sweden,SWE,2009,Community,both
SWE_2013_PIVUS,Sweden,SWE,2013,Community,both
SWE_2015_intergene13yrs,Sweden,SWE,2015,Subnational,urban
SWE_2017_PSWG,Sweden,SWE,2017,Community,urban
SWZ_2014_STEPS,Eswatini,SWZ,2014,National,both
SYC_1989_SHS,Seychelles,SYC,1989,National,both
SYC_2004_SHS,Seychelles,SYC,2004,National,both
SYC_2014_SHS,Seychelles,SYC,2014,National,both
SYR_2002_NSNCD,Syrian Arab Republic,SYR,2002,National,both
TGO_2010_STEPS,Togo,TGO,2010,National,both
TGO_2022_STEPS,Togo,TGO,2022,National,both
THA_1983_5764021,Thailand,THA,1983,Subnational,urban
THA_1991_NHES,Thailand,THA,1991,National,both
THA_1997_NHES,Thailand,THA,1997,National,both
THA_2000_interASIA,Thailand,THA,2000,National,both
THA_2004_NHES,Thailand,THA,2004,National,both
THA_2009_NHES,Thailand,THA,2009,National,both
THA_2014_NHES,Thailand,THA,2014,National,both
THA_2020_NHES,Thailand,THA,2020,National,both
TJK_2016_STEPS,Tajikistan,TJK,2016,National,both
TKL_2005_STEPS,Tokelau,TKL,2005,National,both
TKL_2014_STEPS,Tokelau,TKL,2014,National,both
TKM_2013_STEPS,Turkmenistan,TKM,2013,National,both
TKM_2018_STEPS,Turkmenistan,TKM,2018,National,both
TLS_2010_TLEHS,Timor-Leste,TLS,2010,Subnational,both
TLS_2014_STEPS,Timor-Leste,TLS,2014,National,both
TON_2004_STEPS,Tonga,TON,2004,National,both
TON_2011_STEPS,Tonga,TON,2011,National,both
TTO_2011_STEPS,Trinidad and Tobago,TTO,2011,National,both
TUN_1981_15788056,Tunisia,TUN,1981,Community,rural
TUN_1990_15788049,Tunisia,TUN,1990,Community,both
TUN_1997_AHP,Tunisia,TUN,1997,Community,both
TUN_1997_TNNS,Tunisia,TUN,1997,National,both
TUN_2001_15788054,Tunisia,TUN,2001,Community,both
TUN_2005_TAHINA,Tunisia,TUN,2005,National,both
TUN_2010_ObeMaghreb,Tunisia,TUN,2010,Subnational,urban
TUN_2016_THES,Tunisia,TUN,2016,Community,both
TUR_1990_TARF,Turkiye,TUR,1990,National,both
TUR_1995_TARF,Turkiye,TUR,1995,National,both
TUR_1998_TARF,Turkiye,TUR,1998,National,both
TUR_2000_TARF,Turkiye,TUR,2000,National,both
TUR_2001_15792030,Turkiye,TUR,2001,Community,urban
TUR_2001_15792039,Turkiye,TUR,2001,Community,rural
TUR_2001_HNHHS,Turkiye,TUR,2001,National,both
TUR_2002_15792010,Turkiye,TUR,2002,Subnational,both
TUR_2002_15792058,Turkiye,TUR,2002,Subnational,urban
TUR_2002_TARF,Turkiye,TUR,2002,National,both
TUR_2004_TRAB,Turkiye,TUR,2004,Subnational,both
TUR_2006_TARF,Turkiye,TUR,2006,National,both
TUR_2008_Balcova,Turkiye,TUR,2008,Community,urban
TUR_2008_TARF,Turkiye,TUR,2008,National,both
TUR_2010_TARF,Turkiye,TUR,2010,National,both
TUR_2010_TURDEP-II_a,Turkiye,TUR,2010,National,urban
TUR_2010_TURDEP-II_b,Turkiye,TUR,2010,National,rural
TUR_2011_TRAB,Turkiye,TUR,2011,Subnational,both
TUR_2013_TARF,Turkiye,TUR,2013,National,both
TUR_2015_TARF,Turkiye,TUR,2015,National,both
TUR_2017_STEPS,Turkiye,TUR,2017,National,both
TUV_2015_STEPS,Tuvalu,TUV,2015,National,both
TWN_1995_NAHSIT,Taiwan,TWN,1995,National,both
TWN_1996_3158017,Taiwan,TWN,1996,Community,both
TWN_1997_3158013,Taiwan,TWN,1997,Community,both
TWN_1998_3158009,Taiwan,TWN,1998,Community,both
TWN_2000_NAHSIT,Taiwan,TWN,2000,National,both
TWN_2000_SEBAS,Taiwan,TWN,2000,National,both
TWN_2005_3158025,Taiwan,TWN,2005,Community,urban
TWN_2006_SEBAS,Taiwan,TWN,2006,National,both
TWN_2007_NAHSIT,Taiwan,TWN,2007,National,both
TWN_2015_NAHSIT,Taiwan,TWN,2015,National,both
TZA_1987_1467685,Tanzania,TZA,1987,Community,rural
TZA_1997_19834009,Tanzania,TZA,1997,Community,rural
TZA_1997_19834080,Tanzania,TZA,1997,Community,urban
TZA_2011_STEPS,Tanzania,TZA,2011,Subnational,both
TZA_2012_STEPS,Tanzania,TZA,2012,National,both
UGA_2014_STEPS,Uganda,UGA,2014,National,both
UGA_2023_STEPS,Uganda,UGA,2023,National,both
UKR_2019_STEPS,Ukraine,UKR,2019,National,both
URY_1992_13858002,Uruguay,URY,1992,National,both
URY_2012_CESCAS,Uruguay,URY,2012,Community,urban
URY_2013_STEPS,Uruguay,URY,2013,National,urban
URY_2014_GEFA,Uruguay,URY,2014,Community,urban
USA_1978_NHANES,United States of America,USA,1978,National,both
USA_1986_CARDIA,United States of America,USA,1986,Subnational,urban
USA_1988_ARIC,United States of America,USA,1988,Subnational,both
USA_1990_CHS,United States of America,USA,1990,Subnational,both
USA_1991_ARIC,United States of America,USA,1991,Subnational,both
USA_1991_NHANES,United States of America,USA,1991,National,both
USA_1993_CARDIA,United States of America,USA,1993,Subnational,urban
USA_1993_CHS,United States of America,USA,1993,Subnational,both
USA_1994_ARIC,United States of America,USA,1994,Subnational,both
USA_1996_BHS,United States of America,USA,1996,Community,rural
USA_1996_CARDIA,United States of America,USA,1996,Subnational,urban
USA_1997_ARIC,United States of America,USA,1997,Subnational,both
USA_1997_CHS,United States of America,USA,1997,Subnational,both
USA_1997_SWAN,United States of America,USA,1997,Subnational,both
USA_1998_SWAN,United States of America,USA,1998,Subnational,both
USA_2000_NHANES,United States of America,USA,2000,National,both
USA_2000_SWAN,United States of America,USA,2000,Subnational,both
USA_2001_CARDIA,United States of America,USA,2001,Subnational,urban
USA_2001_SWAN,United States of America,USA,2001,Subnational,both
USA_2002_NHANES,United States of America,USA,2002,National,both
USA_2004_NHANES,United States of America,USA,2004,National,both
USA_2006_CARDIA,United States of America,USA,2006,Subnational,urban
USA_2006_CHS,United States of America,USA,2006,Subnational,both
USA_2006_NHANES,United States of America,USA,2006,National,both
USA_2008_NHANES,United States of America,USA,2008,National,both
USA_2009_AddHealth,United States of America,USA,2009,National,both
USA_2010_NHANES,United States of America,USA,2010,National,both
USA_2011_CARDIA,United States of America,USA,2011,Subnational,urban
USA_2012_ARIC,United States of America,USA,2012,Subnational,both
USA_2012_NHANES,United States of America,USA,2012,National,both
USA_2014_NHANES,United States of America,USA,2014,National,both
USA_2016_NHANES,United States of America,USA,2016,National,both
USA_2018_NHANES,United States of America,USA,2018,National,both
USA_2019_NHANES,United States of America,USA,2019,Subnational,both
UZB_2014_STEPS,Uzbekistan,UZB,2014,National,both
UZB_2016_DiabScreening,Uzbekistan,UZB,2016,Subnational,both
UZB_2019_STEPS,Uzbekistan,UZB,2019,National,both
VCT_2014_STEPS,Saint Vincent and the Grenadines,VCT,2014,National,both
VEN_2000_12862017,Venezuela,VEN,2000,Subnational,both
VEN_2000_MAS,Venezuela,VEN,2000,Community,urban
VEN_2005_CARMELA,Venezuela,VEN,2005,Community,urban
VEN_2006_citBrajkovich,Venezuela,VEN,2006,Community,urban
VEN_2008_VEMSOLS,Venezuela,VEN,2008,Community,urban
VEN_2009_VEMSOLS,Venezuela,VEN,2009,Community,rural
VEN_2011_CREDEFAR,Venezuela,VEN,2011,Community,urban
VEN_2011_VEMSOLS,Venezuela,VEN,2011,Community,urban
VEN_2016_EVESCAM,Venezuela,VEN,2016,National,both
VEN_2016_MAS,Venezuela,VEN,2016,Community,urban
VEN_2019_EVESCAM,Venezuela,VEN,2019,National,both
VNM_1990_5704001,Viet Nam,VNM,1990,Community,both
VNM_2001_5704009,Viet Nam,VNM,2001,Community,both
VNM_2009_DM-S,Viet Nam,VNM,2009,Subnational,both
VNM_2009_STEPS,Viet Nam,VNM,2009,National,both
VNM_2012_NSDV,Viet Nam,VNM,2012,National,both
VNM_2015_STEPS,Viet Nam,VNM,2015,National,both
VNM_2021_STEPS,Viet Nam,VNM,2021,National,both
VUT_1998_VNCDS,Vanuatu,VUT,1998,National,both
VUT_2011_STEPS,Vanuatu,VUT,2011,National,both
WSM_1991_Baker_rural,Samoa,WSM,1991,Subnational,rural
WSM_1991_Baker_urban,Samoa,WSM,1991,Subnational,urban
WSM_1995_citMcGARVEY,Samoa,WSM,1995,National,both
WSM_2002_STEPS,Samoa,WSM,2002,National,both
WSM_2010_GWAS,Samoa,WSM,2010,National,both
YEM_2008_HYDY-rural,Yemen,YEM,2008,National,rural
YEM_2008_HYDY-urban,Yemen,YEM,2008,National,urban
ZAF_2009_BSCS,South Africa,ZAF,2009,Community,urban
ZAF_2012_SANHANES,South Africa,ZAF,2012,National,both
ZAF_2019_Vukuzazi,South Africa,ZAF,2019,Community,both
ZMB_2008_STEPS,Zambia,ZMB,2008,Subnational,urban
ZMB_2017_STEPS,Zambia,ZMB,2017,National,both
ZWE_2005_ZiNCoDs,Zimbabwe,ZWE,2005,National,both
